---
---CAT_ESTADOS
---
INSERT INTO ESTADOS_REPUBLICA_MEXICANA (CLAVE_ESTADO, NOMBRE_ESTADO) VALUES ('JAL', 'Jalisco');
INSERT INTO ESTADOS_REPUBLICA_MEXICANA (CLAVE_ESTADO, NOMBRE_ESTADO) VALUES ('GUE', 'Guerrero');
INSERT INTO ESTADOS_REPUBLICA_MEXICANA (CLAVE_ESTADO, NOMBRE_ESTADO) VALUES ('YUC', 'Yucatan');
INSERT INTO ESTADOS_REPUBLICA_MEXICANA (CLAVE_ESTADO, NOMBRE_ESTADO) VALUES ('OAX', 'Oaxaca');
INSERT INTO ESTADOS_REPUBLICA_MEXICANA (CLAVE_ESTADO, NOMBRE_ESTADO) VALUES ('NL', 'Nuevo Leon');
INSERT INTO ESTADOS_REPUBLICA_MEXICANA (CLAVE_ESTADO, NOMBRE_ESTADO) VALUES ('DUR', 'Durango');
INSERT INTO ESTADOS_REPUBLICA_MEXICANA (CLAVE_ESTADO, NOMBRE_ESTADO) VALUES ('CHI', 'Chihuahua');
INSERT INTO ESTADOS_REPUBLICA_MEXICANA (CLAVE_ESTADO, NOMBRE_ESTADO) VALUES ('CAM', 'Campeche');
INSERT INTO ESTADOS_REPUBLICA_MEXICANA (CLAVE_ESTADO, NOMBRE_ESTADO) VALUES ('SON', 'Sonora');
INSERT INTO ESTADOS_REPUBLICA_MEXICANA (CLAVE_ESTADO, NOMBRE_ESTADO) VALUES ('BC', 'Baja California');
INSERT INTO ESTADOS_REPUBLICA_MEXICANA (CLAVE_ESTADO, NOMBRE_ESTADO) VALUES ('BCS', 'Baja California Sur');
INSERT INTO ESTADOS_REPUBLICA_MEXICANA (CLAVE_ESTADO, NOMBRE_ESTADO) VALUES ('MIC', 'Michoacan');
INSERT INTO ESTADOS_REPUBLICA_MEXICANA (CLAVE_ESTADO, NOMBRE_ESTADO) VALUES ('NAY', 'Nayarit');
INSERT INTO ESTADOS_REPUBLICA_MEXICANA (CLAVE_ESTADO, NOMBRE_ESTADO) VALUES ('VER', 'Veracruz');
INSERT INTO ESTADOS_REPUBLICA_MEXICANA (CLAVE_ESTADO, NOMBRE_ESTADO) VALUES ('CDMX', 'CDMX');
INSERT INTO ESTADOS_REPUBLICA_MEXICANA (CLAVE_ESTADO, NOMBRE_ESTADO) VALUES ('EDO', 'Estado de Mexico');

---
---CAT_MODELO_AUTOS
---
INSERT INTO MODELO_AUTOS (CLAVE_MODELO, MARCA_MODELO, NOMBRE_MODELO) VALUES ('AV', 'Chevrolet', 'Aveo');
INSERT INTO MODELO_AUTOS (CLAVE_MODELO, MARCA_MODELO, NOMBRE_MODELO) VALUES ('TS', 'Nissan', 'Tsuru');
INSERT INTO MODELO_AUTOS (CLAVE_MODELO, MARCA_MODELO, NOMBRE_MODELO) VALUES ('MC', 'Mini', 'Mini Cooper');
INSERT INTO MODELO_AUTOS (CLAVE_MODELO, MARCA_MODELO, NOMBRE_MODELO) VALUES ('SE', 'Nissan', 'Sentra');
INSERT INTO MODELO_AUTOS (CLAVE_MODELO, MARCA_MODELO, NOMBRE_MODELO) VALUES ('CR', 'Chevrolet', 'Cruze');
INSERT INTO MODELO_AUTOS (CLAVE_MODELO, MARCA_MODELO, NOMBRE_MODELO) VALUES ('GLF', 'VolksWagen', 'GolF');
INSERT INTO MODELO_AUTOS (CLAVE_MODELO, MARCA_MODELO, NOMBRE_MODELO) VALUES ('POL', 'VolksWagen', 'Polo');
INSERT INTO MODELO_AUTOS (CLAVE_MODELO, MARCA_MODELO, NOMBRE_MODELO) VALUES ('JET', 'VolksWagen', 'Jetta');
INSERT INTO MODELO_AUTOS (CLAVE_MODELO, MARCA_MODELO, NOMBRE_MODELO) VALUES ('PRI', 'Toyota', 'Prius');
INSERT INTO MODELO_AUTOS (CLAVE_MODELO, MARCA_MODELO, NOMBRE_MODELO) VALUES ('COR', 'Toyota', 'Corolla');
INSERT INTO MODELO_AUTOS (CLAVE_MODELO, MARCA_MODELO, NOMBRE_MODELO) VALUES ('RAV', 'Toyota', 'Rav-4');
INSERT INTO MODELO_AUTOS (CLAVE_MODELO, MARCA_MODELO, NOMBRE_MODELO) VALUES ('SFT', 'Suzuki', 'Swift');
INSERT INTO MODELO_AUTOS (CLAVE_MODELO, MARCA_MODELO, NOMBRE_MODELO) VALUES ('RIO', 'Kia', 'Rio');
INSERT INTO MODELO_AUTOS (CLAVE_MODELO, MARCA_MODELO, NOMBRE_MODELO) VALUES ('ECS', 'Ford', 'EcoSport');
INSERT INTO MODELO_AUTOS (CLAVE_MODELO, MARCA_MODELO, NOMBRE_MODELO) VALUES ('CIV', 'Honda', 'Civic');
INSERT INTO MODELO_AUTOS (CLAVE_MODELO, MARCA_MODELO, NOMBRE_MODELO) VALUES ('ACC', 'Honda', 'Accord');

---
---CAT_MARCA
---
INSERT INTO MARCA_AUTOS (CLAVE_MARCA, MARCA) VALUES ('CH', 'Chevrolet');
INSERT INTO MARCA_AUTOS (CLAVE_MARCA, MARCA) VALUES ('NI', 'Nissan');
INSERT INTO MARCA_AUTOS (CLAVE_MARCA, MARCA) VALUES ('MI', 'Mini');
INSERT INTO MARCA_AUTOS (CLAVE_MARCA, MARCA) VALUES ('VK', 'VolksWagen');
INSERT INTO MARCA_AUTOS (CLAVE_MARCA, MARCA) VALUES ('TY', 'Toyota');
INSERT INTO MARCA_AUTOS (CLAVE_MARCA, MARCA) VALUES ('SZ', 'Suzuki');
INSERT INTO MARCA_AUTOS (CLAVE_MARCA, MARCA) VALUES ('KI', 'Kia');
INSERT INTO MARCA_AUTOS (CLAVE_MARCA, MARCA) VALUES ('FR', 'Ford');
INSERT INTO MARCA_AUTOS (CLAVE_MARCA, MARCA) VALUES ('HN', 'Honda');

-- 
-- CAT_TIPO_SEGUROS
--
INSERT INTO TIPO_SEGUROS (CLAVE_SEGURO, NOMBRE_SEGURO) VALUES ('CA', 'Cobertura amplia');
INSERT INTO TIPO_SEGUROS (CLAVE_SEGURO, NOMBRE_SEGURO) VALUES ('CB', 'Cobertura basica');
INSERT INTO TIPO_SEGUROS (CLAVE_SEGURO, NOMBRE_SEGURO) VALUES ('CP', 'Cobertura plus');

-- 
-- CLIENTE
--
INSERT INTO CLIENTE (CLIENTE_ID, NOMBRE, AP_PATERNO, AP_MATERNO, RFC, EMAIL, TELEFONO, DIRECCION) VALUES(CLIENTE_SEQ.NEXTVAL, 'RAUL', 'MARTINEZ', 'GONZALES', '123QWE456RTY789', 'tito@yopmail.com', '5634567823', 'CDMX, INSERGENTES');
INSERT INTO CLIENTE (CLIENTE_ID, NOMBRE, AP_PATERNO, AP_MATERNO, RFC, EMAIL, TELEFONO, DIRECCION) VALUES(CLIENTE_SEQ.NEXTVAL, 'FERNANDO', 'HERNANDEZ', 'GARRIDO', 'ASDGHJYUIJKLYUI', 'tista@yopmail.com', '3546789012', 'CDMX, COYOACAN');
INSERT INTO CLIENTE (CLIENTE_ID, NOMBRE, AP_PATERNO, AP_MATERNO, RFC, EMAIL, TELEFONO, DIRECCION) VALUES(CLIENTE_SEQ.NEXTVAL, 'GABRIELA', 'PEREZ', 'MOLINA', '123ERT456TYU123', 'caos123@yopmail.com', '1928374657', 'CDMX, TLALPAN');
INSERT INTO CLIENTE (CLIENTE_ID, NOMBRE, AP_PATERNO, AP_MATERNO, RFC, EMAIL, TELEFONO, DIRECCION) VALUES(CLIENTE_SEQ.NEXTVAL, 'CARLOS', 'BARRERA', 'CABALLERO', '1I4R6T5Y7U3CVG6', 'carlos_123@yopmail.com', '1029567892', 'CDMX, MIGUEL ANGEL');
INSERT INTO CLIENTE (CLIENTE_ID, NOMBRE, AP_PATERNO, AP_MATERNO, RFC, EMAIL, TELEFONO, DIRECCION) VALUES(CLIENTE_SEQ.NEXTVAL, 'JOSE', 'GONZALES', 'DOMINGUEZ', '1KDIJ46T7UOIW3E', 'jose0@yopmail.com', '1452345123', 'JALISCO, ZAPOPAN');
INSERT INTO CLIENTE (CLIENTE_ID, NOMBRE, AP_PATERNO, AP_MATERNO, RFC, EMAIL, TELEFONO, DIRECCION) VALUES(CLIENTE_SEQ.NEXTVAL, 'MARTIN', 'GOMEZ', 'SALAZAR', 'PLOD3465MOFIJ67', 'm4rtin@yopmail.com', '6723674565', 'NUEVO LEON, MONTERREY');
INSERT INTO CLIENTE (CLIENTE_ID, NOMBRE, AP_PATERNO, AP_MATERNO, RFC, EMAIL, TELEFONO, DIRECCION) VALUES(CLIENTE_SEQ.NEXTVAL, 'DIEGO', 'LOPEZ', 'HERRERA', 'PJSOLIWK24NMJ36', 'diegodos@yopmail.com', '3452346794', 'BAJA CALIFORNIA, MEXICALLI');
INSERT INTO CLIENTE (CLIENTE_ID, NOMBRE, AP_PATERNO, AP_MATERNO, RFC, EMAIL, TELEFONO, DIRECCION) VALUES(CLIENTE_SEQ.NEXTVAL, 'ANDREA', 'SUAREZ', 'MARQUEZ', 'ANL09IO45RT237', 'andrea411@yopmail.com', '1987345623', 'DURANGO, DURANGO');
INSERT INTO CLIENTE (CLIENTE_ID, NOMBRE, AP_PATERNO, AP_MATERNO, RFC, EMAIL, TELEFONO, DIRECCION) VALUES(CLIENTE_SEQ.NEXTVAL, 'FELIPE', 'GARCIA', 'SOTO', 'SINJFHGT57352D4', 'soto345@yopmail.com', '9867456576', 'CAMPECHE, CAMPECHE');
INSERT INTO CLIENTE (CLIENTE_ID, NOMBRE, AP_PATERNO, AP_MATERNO, RFC, EMAIL, TELEFONO, DIRECCION) VALUES(CLIENTE_SEQ.NEXTVAL, 'OSCAR', 'MARIN', 'HIDALGO', '1LODKSI903KD24T', 'oscarlozano@yopmail.com', '3452346476', 'OAXACA, OAXACA');
INSERT INTO CLIENTE (CLIENTE_ID, NOMBRE, AP_PATERNO, AP_MATERNO, RFC, EMAIL, TELEFONO, DIRECCION) VALUES(CLIENTE_SEQ.NEXTVAL, 'SERGIO', 'FERNANDEZ', 'JIMENEZ', 'ASD3ERT5Y6U7I89', 'oscarlozano@yopmail.com', '2345234645', 'SONORA, HERMOSILLO');
INSERT INTO CLIENTE (CLIENTE_ID, NOMBRE, AP_PATERNO, AP_MATERNO, RFC, EMAIL, TELEFONO, DIRECCION) VALUES(CLIENTE_SEQ.NEXTVAL, 'RODRIGO', 'RODRIGUEZ', 'MORA', 'SD23FG45WE354TY', 'morarod@yopmail.com', '2564756345', 'MICHOACAN, MORELIA');
INSERT INTO CLIENTE (CLIENTE_ID, NOMBRE, AP_PATERNO, AP_MATERNO, RFC, EMAIL, TELEFONO, DIRECCION) VALUES(CLIENTE_SEQ.NEXTVAL, 'JORGE', 'FUENTE', 'BLANCO', 'LOI4K56TI34ERT5', 'blancowhite@yopmail.com', '2686974575', 'NAYARIT, NAYARIT');
INSERT INTO CLIENTE (CLIENTE_ID, NOMBRE, AP_PATERNO, AP_MATERNO, RFC, EMAIL, TELEFONO, DIRECCION) VALUES(CLIENTE_SEQ.NEXTVAL, 'MARTA', 'SANTOS', 'MORALES', '12WER4T5FVBNHG6', 'sanmor@yopmail.com', '7234612636', 'BAJA CALIFORNIA SUR, LA PAZ');
INSERT INTO CLIENTE (CLIENTE_ID, NOMBRE, AP_PATERNO, AP_MATERNO, RFC, EMAIL, TELEFONO, DIRECCION) VALUES(CLIENTE_SEQ.NEXTVAL, 'LUCIA', 'CANO', 'MERINO', '192JIHUDE4RHGU5', 'merinocano@yopmail.com', '9868374512', 'YUCATAN, MERIDA');


-- 
-- COTIZACIONES
--
INSERT INTO COTIZACIONES (CLIENTE_ID, COTIZACIONES_ID, COTIZACIONES_NUM, FECHA_COTIZACION, TIPO_SEGURO, CLAVE_MARCA, CLAVE_MODELO, AÑO, CODIGO_POSTAL, CLAVE_ESTADO, FECHA_NAC) VALUES (1, 1, 1, SYSDATE - 13, 'CA', 'NI', 'TS', 2010, 18900, 'CDMX', TO_DATE('1979/01/02','YYYY/MM/DD'));
INSERT INTO COTIZACIONES (CLIENTE_ID, COTIZACIONES_ID, COTIZACIONES_NUM, FECHA_COTIZACION, TIPO_SEGURO, CLAVE_MARCA, CLAVE_MODELO, AÑO, CODIGO_POSTAL, CLAVE_ESTADO, FECHA_NAC) VALUES (1, 2, 2, SYSDATE - 15, 'CA', 'HN', 'CIV', 2010, 18900, 'CDMX', TO_DATE('1979/01/02','YYYY/MM/DD'));
INSERT INTO COTIZACIONES (CLIENTE_ID, COTIZACIONES_ID, COTIZACIONES_NUM, FECHA_COTIZACION, TIPO_SEGURO, CLAVE_MARCA, CLAVE_MODELO, AÑO, CODIGO_POSTAL, CLAVE_ESTADO, FECHA_NAC) VALUES (2, 3, 1, SYSDATE - 24, 'CB', 'HN', 'ACC', 2010, 18900, 'CDMX', TO_DATE('1981/11/02','YYYY/MM/DD'));
INSERT INTO COTIZACIONES (CLIENTE_ID, COTIZACIONES_ID, COTIZACIONES_NUM, FECHA_COTIZACION, TIPO_SEGURO, CLAVE_MARCA, CLAVE_MODELO, AÑO, CODIGO_POSTAL, CLAVE_ESTADO, FECHA_NAC) VALUES (3, 4, 1, SYSDATE - 23, 'CP', 'VK', 'POL', 2010, 18900, 'CDMX', TO_DATE('1989/01/30','YYYY/MM/DD'));
INSERT INTO COTIZACIONES (CLIENTE_ID, COTIZACIONES_ID, COTIZACIONES_NUM, FECHA_COTIZACION, TIPO_SEGURO, CLAVE_MARCA, CLAVE_MODELO, AÑO, CODIGO_POSTAL, CLAVE_ESTADO, FECHA_NAC) VALUES (4, 5, 1, SYSDATE - 28, 'CA', 'NI', 'TS', 2010, 18900, 'CDMX', TO_DATE('1997/10/02','YYYY/MM/DD'));
INSERT INTO COTIZACIONES (CLIENTE_ID, COTIZACIONES_ID, COTIZACIONES_NUM, FECHA_COTIZACION, TIPO_SEGURO, CLAVE_MARCA, CLAVE_MODELO, AÑO, CODIGO_POSTAL, CLAVE_ESTADO, FECHA_NAC) VALUES (5, 6, 1, SYSDATE - 12, 'CB', 'SZ', 'SFT', 2010, 18900, 'JAL', TO_DATE('1998/11/22','YYYY/MM/DD'));
INSERT INTO COTIZACIONES (CLIENTE_ID, COTIZACIONES_ID, COTIZACIONES_NUM, FECHA_COTIZACION, TIPO_SEGURO, CLAVE_MARCA, CLAVE_MODELO, AÑO, CODIGO_POSTAL, CLAVE_ESTADO, FECHA_NAC) VALUES (6, 7, 1, SYSDATE - 22, 'CB', 'CH', 'AV', 2010, 18900, 'NL', TO_DATE('1970/06/12','YYYY/MM/DD'));
INSERT INTO COTIZACIONES (CLIENTE_ID, COTIZACIONES_ID, COTIZACIONES_NUM, FECHA_COTIZACION, TIPO_SEGURO, CLAVE_MARCA, CLAVE_MODELO, AÑO, CODIGO_POSTAL, CLAVE_ESTADO, FECHA_NAC) VALUES (7, 8, 1, SYSDATE - 32, 'CA', 'VK', 'JET', 2010, 18900, 'BC', TO_DATE('1986/03/06','YYYY/MM/DD'));
INSERT INTO COTIZACIONES (CLIENTE_ID, COTIZACIONES_ID, COTIZACIONES_NUM, FECHA_COTIZACION, TIPO_SEGURO, CLAVE_MARCA, CLAVE_MODELO, AÑO, CODIGO_POSTAL, CLAVE_ESTADO, FECHA_NAC) VALUES (8, 9, 1, SYSDATE - 12, 'CP', 'NI', 'TS', 2010, 18900, 'DUR', TO_DATE('1970/05/09','YYYY/MM/DD'));
INSERT INTO COTIZACIONES (CLIENTE_ID, COTIZACIONES_ID, COTIZACIONES_NUM, FECHA_COTIZACION, TIPO_SEGURO, CLAVE_MARCA, CLAVE_MODELO, AÑO, CODIGO_POSTAL, CLAVE_ESTADO, FECHA_NAC) VALUES (9, 10, 1, SYSDATE - 23, 'CP', 'TY', 'PRI', 2010, 18900, 'CAM', TO_DATE('1969/04/12','YYYY/MM/DD'));
INSERT INTO COTIZACIONES (CLIENTE_ID, COTIZACIONES_ID, COTIZACIONES_NUM, FECHA_COTIZACION, TIPO_SEGURO, CLAVE_MARCA, CLAVE_MODELO, AÑO, CODIGO_POSTAL, CLAVE_ESTADO, FECHA_NAC) VALUES (10, 11, 1, SYSDATE - 21, 'CB', 'NI', 'TS', 2010, 18900, 'OAX', TO_DATE('1989/09/27','YYYY/MM/DD'));
INSERT INTO COTIZACIONES (CLIENTE_ID, COTIZACIONES_ID, COTIZACIONES_NUM, FECHA_COTIZACION, TIPO_SEGURO, CLAVE_MARCA, CLAVE_MODELO, AÑO, CODIGO_POSTAL, CLAVE_ESTADO, FECHA_NAC) VALUES (11, 12, 1, SYSDATE - 20, 'CA', 'NI', 'TS', 2010, 18900, 'SON', TO_DATE('1998/07/30','YYYY/MM/DD'));
INSERT INTO COTIZACIONES (CLIENTE_ID, COTIZACIONES_ID, COTIZACIONES_NUM, FECHA_COTIZACION, TIPO_SEGURO, CLAVE_MARCA, CLAVE_MODELO, AÑO, CODIGO_POSTAL, CLAVE_ESTADO, FECHA_NAC) VALUES (12, 13, 1, SYSDATE - 15, 'CB', 'TY', 'COR', 2010, 18900, 'MIC', TO_DATE('1997/07/05','YYYY/MM/DD'));
INSERT INTO COTIZACIONES (CLIENTE_ID, COTIZACIONES_ID, COTIZACIONES_NUM, FECHA_COTIZACION, TIPO_SEGURO, CLAVE_MARCA, CLAVE_MODELO, AÑO, CODIGO_POSTAL, CLAVE_ESTADO, FECHA_NAC) VALUES (13, 14, 1, SYSDATE - 17, 'CA', 'CH', 'CR', 2010, 18900, 'NAY', TO_DATE('1975/01/07','YYYY/MM/DD'));
INSERT INTO COTIZACIONES (CLIENTE_ID, COTIZACIONES_ID, COTIZACIONES_NUM, FECHA_COTIZACION, TIPO_SEGURO, CLAVE_MARCA, CLAVE_MODELO, AÑO, CODIGO_POSTAL, CLAVE_ESTADO, FECHA_NAC) VALUES (14, 15, 1, SYSDATE - 23, 'CP', 'FR', 'ECS', 2010, 18900, 'BCS', TO_DATE('1967/03/25','YYYY/MM/DD'));
INSERT INTO COTIZACIONES (CLIENTE_ID, COTIZACIONES_ID, COTIZACIONES_NUM, FECHA_COTIZACION, TIPO_SEGURO, CLAVE_MARCA, CLAVE_MODELO, AÑO, CODIGO_POSTAL, CLAVE_ESTADO, FECHA_NAC) VALUES (15, 16, 1, SYSDATE - 12, 'CB', 'FR', 'ECS', 2010, 18900, 'YUC', TO_DATE('1983/05/16','YYYY/MM/DD'));
INSERT INTO COTIZACIONES (CLIENTE_ID, COTIZACIONES_ID, COTIZACIONES_NUM, FECHA_COTIZACION, TIPO_SEGURO, CLAVE_MARCA, CLAVE_MODELO, AÑO, CODIGO_POSTAL, CLAVE_ESTADO, FECHA_NAC) VALUES (15, 17, 2, SYSDATE - 18, 'CB', 'NI', 'TS', 2010, 18900, 'YUC', TO_DATE('1995/01/10','YYYY/MM/DD'));

-- 
-- TABLE: PAGO
--
INSERT INTO PAGO (PAGO_ID, CLIENTE_ID, NUMERO_TARJETA, TIPO, MES_VENCIMIENTO, AÑO_VENCIMIENTO, NUMERO_SEGURIDAD, COSTO) VALUES (PAGO_SEQ.NEXTVAL, 1, 1232344561232345, 'DEBITO', 05, 2020, 456, 56789);
INSERT INTO PAGO (PAGO_ID, CLIENTE_ID, NUMERO_TARJETA, TIPO, MES_VENCIMIENTO, AÑO_VENCIMIENTO, NUMERO_SEGURIDAD, COSTO) VALUES (PAGO_SEQ.NEXTVAL, 2, 2340859483748593, 'DEBITO', 07, 2020, 253, 56389);
INSERT INTO PAGO (PAGO_ID, CLIENTE_ID, NUMERO_TARJETA, TIPO, MES_VENCIMIENTO, AÑO_VENCIMIENTO, NUMERO_SEGURIDAD, COSTO) VALUES (PAGO_SEQ.NEXTVAL, 3, 1928340293452192, 'DEBITO', 02, 2021, 744, 56479);
INSERT INTO PAGO (PAGO_ID, CLIENTE_ID, NUMERO_TARJETA, TIPO, MES_VENCIMIENTO, AÑO_VENCIMIENTO, NUMERO_SEGURIDAD, COSTO) VALUES (PAGO_SEQ.NEXTVAL, 4, 0493856792839540, 'DEBITO', 07, 2025, 845, 53489);
INSERT INTO PAGO (PAGO_ID, CLIENTE_ID, NUMERO_TARJETA, TIPO, MES_VENCIMIENTO, AÑO_VENCIMIENTO, NUMERO_SEGURIDAD, COSTO) VALUES (PAGO_SEQ.NEXTVAL, 5, 3362356865345678, 'DEBITO', 05, 2019, 123, 30129);
INSERT INTO PAGO (PAGO_ID, CLIENTE_ID, NUMERO_TARJETA, TIPO, MES_VENCIMIENTO, AÑO_VENCIMIENTO, NUMERO_SEGURIDAD, COSTO) VALUES (PAGO_SEQ.NEXTVAL, 6, 0192384753398200, 'DEBITO', 05, 2020, 523, 10246);
INSERT INTO PAGO (PAGO_ID, CLIENTE_ID, NUMERO_TARJETA, TIPO, MES_VENCIMIENTO, AÑO_VENCIMIENTO, NUMERO_SEGURIDAD, COSTO) VALUES (PAGO_SEQ.NEXTVAL, 7, 1235236741456532, 'DEBITO', 06, 2023, 676, 10298);
INSERT INTO PAGO (PAGO_ID, CLIENTE_ID, NUMERO_TARJETA, TIPO, MES_VENCIMIENTO, AÑO_VENCIMIENTO, NUMERO_SEGURIDAD, COSTO) VALUES (PAGO_SEQ.NEXTVAL, 8, 2357897652357753, 'DEBITO', 08, 2028, 732, 30192);
INSERT INTO PAGO (PAGO_ID, CLIENTE_ID, NUMERO_TARJETA, TIPO, MES_VENCIMIENTO, AÑO_VENCIMIENTO, NUMERO_SEGURIDAD, COSTO) VALUES (PAGO_SEQ.NEXTVAL, 9, 1244678456788765, 'DEBITO', 10, 2025, 642, 10524);
INSERT INTO PAGO (PAGO_ID, CLIENTE_ID, NUMERO_TARJETA, TIPO, MES_VENCIMIENTO, AÑO_VENCIMIENTO, NUMERO_SEGURIDAD, COSTO) VALUES (PAGO_SEQ.NEXTVAL, 10, 9875434732234564, 'DEBITO', 11, 2023, 235, 50291);
INSERT INTO PAGO (PAGO_ID, CLIENTE_ID, NUMERO_TARJETA, TIPO, MES_VENCIMIENTO, AÑO_VENCIMIENTO, NUMERO_SEGURIDAD, COSTO) VALUES (PAGO_SEQ.NEXTVAL, 11, 8752553236753234, 'DEBITO', 05, 2022, 623, 40659);
INSERT INTO PAGO (PAGO_ID, CLIENTE_ID, NUMERO_TARJETA, TIPO, MES_VENCIMIENTO, AÑO_VENCIMIENTO, NUMERO_SEGURIDAD, COSTO) VALUES (PAGO_SEQ.NEXTVAL, 12, 8645787234543322, 'DEBITO', 12, 2021, 468, 73521);
INSERT INTO PAGO (PAGO_ID, CLIENTE_ID, NUMERO_TARJETA, TIPO, MES_VENCIMIENTO, AÑO_VENCIMIENTO, NUMERO_SEGURIDAD, COSTO) VALUES (PAGO_SEQ.NEXTVAL, 13, 8753123562467223, 'DEBITO', 09, 2020, 956, 73314);
INSERT INTO PAGO (PAGO_ID, CLIENTE_ID, NUMERO_TARJETA, TIPO, MES_VENCIMIENTO, AÑO_VENCIMIENTO, NUMERO_SEGURIDAD, COSTO) VALUES (PAGO_SEQ.NEXTVAL, 14, 8734675124567323, 'DEBITO', 08, 2020, 965, 62478);
INSERT INTO PAGO (PAGO_ID, CLIENTE_ID, NUMERO_TARJETA, TIPO, MES_VENCIMIENTO, AÑO_VENCIMIENTO, NUMERO_SEGURIDAD, COSTO) VALUES (PAGO_SEQ.NEXTVAL, 15, 9874522346674233, 'DEBITO', 11, 2023, 558, 23574);

-- 
-- TABLE: POLIZA
-- 
INSERT INTO POLIZA (PAGO_ID, CLIENTE_ID, POLIZA_ID, SINIESTRO_ID, COTIZACIONES_ID, FOLIO, HORA_INICIO, FECHA_INICIO, FECHA_FIN, NUM_PLACAS, NUM_SERIE) VALUES (1, 1, 1, 1, 2, 'MA349FISN23KM', TO_DATE('21:34:44', 'HH24:MI:SS'), TO_DATE('2000/01/10', 'YYYY/MM/DD'), TO_DATE('2010/01/10', 'YYYY/MM/DD'), 345, 23571346642697542);
INSERT INTO POLIZA (PAGO_ID, CLIENTE_ID, POLIZA_ID, SINIESTRO_ID, COTIZACIONES_ID, FOLIO, HORA_INICIO, FECHA_INICIO, FECHA_FIN, NUM_PLACAS, NUM_SERIE) VALUES (2, 2, 2, 2, 3, '204JKVNAIE023', TO_DATE('01:04:44', 'HH24:MI:SS'), TO_DATE('2000/01/10', 'YYYY/MM/DD'), TO_DATE('2010/01/10', 'YYYY/MM/DD'), 234, 51367247835682464);
INSERT INTO POLIZA (PAGO_ID, CLIENTE_ID, POLIZA_ID, SINIESTRO_ID, COTIZACIONES_ID, FOLIO, HORA_INICIO, FECHA_INICIO, FECHA_FIN, NUM_PLACAS, NUM_SERIE) VALUES (3, 3, 3, 3, 4, 'FFMI4029F95IE', TO_DATE('22:34:44', 'HH24:MI:SS'), TO_DATE('2000/01/10', 'YYYY/MM/DD'), TO_DATE('2010/01/10', 'YYYY/MM/DD'), 624, 13894604572588346);
INSERT INTO POLIZA (PAGO_ID, CLIENTE_ID, POLIZA_ID, SINIESTRO_ID, COTIZACIONES_ID, FOLIO, HORA_INICIO, FECHA_INICIO, FECHA_FIN, NUM_PLACAS, NUM_SERIE) VALUES (4, 4, 4, 4, 5, 'WO39G8EUCN409', TO_DATE('13:23:44', 'HH24:MI:SS'), TO_DATE('2000/01/10', 'YYYY/MM/DD'), TO_DATE('2010/01/10', 'YYYY/MM/DD'), 875, 29057733347956755);
INSERT INTO POLIZA (PAGO_ID, CLIENTE_ID, POLIZA_ID, SINIESTRO_ID, COTIZACIONES_ID, FOLIO, HORA_INICIO, FECHA_INICIO, FECHA_FIN, NUM_PLACAS, NUM_SERIE) VALUES (5, 5, 5, 5, 6, 'DLCMW03I4FND9', TO_DATE('15:26:44', 'HH24:MI:SS'), TO_DATE('2000/01/10', 'YYYY/MM/DD'), TO_DATE('2010/01/10', 'YYYY/MM/DD'), 924, 95683468136786356);
INSERT INTO POLIZA (PAGO_ID, CLIENTE_ID, POLIZA_ID, SINIESTRO_ID, COTIZACIONES_ID, FOLIO, HORA_INICIO, FECHA_INICIO, FECHA_FIN, NUM_PLACAS, NUM_SERIE) VALUES (6, 6, 6, 6, 7, 'DSW91386NTBUE', TO_DATE('07:14:44', 'HH24:MI:SS'), TO_DATE('2000/01/10', 'YYYY/MM/DD'), TO_DATE('2010/01/10', 'YYYY/MM/DD'), 734, 92473589565248975);
INSERT INTO POLIZA (PAGO_ID, CLIENTE_ID, POLIZA_ID, SINIESTRO_ID, COTIZACIONES_ID, FOLIO, HORA_INICIO, FECHA_INICIO, FECHA_FIN, NUM_PLACAS, NUM_SERIE) VALUES (7, 7, 7, 7, 8, 'CMWI4T5OINFU4', TO_DATE('06:34:44', 'HH24:MI:SS'), TO_DATE('2000/01/10', 'YYYY/MM/DD'), TO_DATE('2010/01/10', 'YYYY/MM/DD'), 073, 96423527345797545);
INSERT INTO POLIZA (PAGO_ID, CLIENTE_ID, POLIZA_ID, SINIESTRO_ID, COTIZACIONES_ID, FOLIO, HORA_INICIO, FECHA_INICIO, FECHA_FIN, NUM_PLACAS, NUM_SERIE) VALUES (8, 8, 8, 8, 9, 'FOWEOIFNRN492', TO_DATE('05:48:44', 'HH24:MI:SS'), TO_DATE('2000/01/10', 'YYYY/MM/DD'), TO_DATE('2010/01/10', 'YYYY/MM/DD'), 835, 96425124573587565);
INSERT INTO POLIZA (PAGO_ID, CLIENTE_ID, POLIZA_ID, SINIESTRO_ID, COTIZACIONES_ID, FOLIO, HORA_INICIO, FECHA_INICIO, FECHA_FIN, NUM_PLACAS, NUM_SERIE) VALUES (9, 9, 9, 9, 10, 'DFM2094NFD8S0', TO_DATE('01:33:44', 'HH24:MI:SS'), TO_DATE('2000/01/10', 'YYYY/MM/DD'), TO_DATE('2010/01/10', 'YYYY/MM/DD'), 235, 75342357864552578);
INSERT INTO POLIZA (PAGO_ID, CLIENTE_ID, POLIZA_ID, SINIESTRO_ID, COTIZACIONES_ID, FOLIO, HORA_INICIO, FECHA_INICIO, FECHA_FIN, NUM_PLACAS, NUM_SERIE) VALUES (10, 10, 10, 11, 11, 'CMQWI0E394FIE', TO_DATE('21:50:44', 'HH24:MI:SS'), TO_DATE('2000/01/10', 'YYYY/MM/DD'), TO_DATE('2010/01/10', 'YYYY/MM/DD'), 246, 23467460965346576);
INSERT INTO POLIZA (PAGO_ID, CLIENTE_ID, POLIZA_ID, SINIESTRO_ID, COTIZACIONES_ID, FOLIO, HORA_INICIO, FECHA_INICIO, FECHA_FIN, NUM_PLACAS, NUM_SERIE) VALUES (11, 11, 11, 12, 12, 'EWB68JHEFD24C', TO_DATE('22:24:44', 'HH24:MI:SS'), TO_DATE('2000/01/10', 'YYYY/MM/DD'), TO_DATE('2010/01/10', 'YYYY/MM/DD'), 124, 12345642345676423);
INSERT INTO POLIZA (PAGO_ID, CLIENTE_ID, POLIZA_ID, COTIZACIONES_ID, FOLIO, HORA_INICIO, FECHA_INICIO, FECHA_FIN, NUM_PLACAS, NUM_SERIE) VALUES (12, 12, 12, 13, 'ESM38ITN58F92', TO_DATE('23:24:34', 'HH24:MI:SS'), TO_DATE('2000/01/10', 'YYYY/MM/DD'), TO_DATE('2010/01/10', 'YYYY/MM/DD'), 853, 12468634584580945);
INSERT INTO POLIZA (PAGO_ID, CLIENTE_ID, POLIZA_ID, COTIZACIONES_ID, FOLIO, HORA_INICIO, FECHA_INICIO, FECHA_FIN, NUM_PLACAS, NUM_SERIE) VALUES (13, 13, 13, 14, 'EFM32049FNEIW', TO_DATE('19:39:46', 'HH24:MI:SS'), TO_DATE('2000/01/10', 'YYYY/MM/DD'), TO_DATE('2010/01/10', 'YYYY/MM/DD'), 211, 88845524997456245);
INSERT INTO POLIZA (PAGO_ID, CLIENTE_ID, POLIZA_ID, COTIZACIONES_ID, FOLIO, HORA_INICIO, FECHA_INICIO, FECHA_FIN, NUM_PLACAS, NUM_SERIE) VALUES (14, 14, 14, 15, '6J5ER3F4F6H43', TO_DATE('18:53:47', 'HH24:MI:SS'), TO_DATE('2000/01/10', 'YYYY/MM/DD'), TO_DATE('2010/01/10', 'YYYY/MM/DD'), 846, 84424689086767456);
INSERT INTO POLIZA (PAGO_ID, CLIENTE_ID, POLIZA_ID, COTIZACIONES_ID, FOLIO, HORA_INICIO, FECHA_INICIO, FECHA_FIN, NUM_PLACAS, NUM_SERIE) VALUES (15, 15, 15, 17, 'G34J7K8L8J6YH', TO_DATE('20:04:34', 'HH24:MI:SS'), TO_DATE('2000/01/10', 'YYYY/MM/DD'), TO_DATE('2010/01/10', 'YYYY/MM/DD'), 906, 34764580755347964);

-- 
-- TABLE: SINIESTRO
--
INSERT INTO SINIESTRO (CLIENTE_ID, SINIESTRO_ID, POLIZA_ID, CATEGORIA_SINIESTRO, HORA_Y_FECHA, DIRECCION, DESCRIPCION) VALUES (1, 1, 1, 'COLISION', TO_DATE('2000/01/10 21:04:44', 'YYYY/MM/DD HH24:MI:SS'), 'CDMX, COYOACAN', 'CHOQUE POR CONDUCIR EN ESTADO DE EBRIEDAD');
INSERT INTO SINIESTRO (CLIENTE_ID, SINIESTRO_ID, POLIZA_ID, CATEGORIA_SINIESTRO, HORA_Y_FECHA, DIRECCION, DESCRIPCION) VALUES (2, 2, 2, 'COLISION', TO_DATE('2000/01/10 20:04:44', 'YYYY/MM/DD HH24:MI:SS'), 'CDMX, TLALPAN', 'MALA ILUMNACION EN LAS VIAS PUBLICAS');
INSERT INTO SINIESTRO (CLIENTE_ID, SINIESTRO_ID, POLIZA_ID, CATEGORIA_SINIESTRO, HORA_Y_FECHA, DIRECCION, DESCRIPCION) VALUES (3, 3, 3, 'SOCIAL', TO_DATE('2000/01/10 19:38:44', 'YYYY/MM/DD HH24:MI:SS'), 'JALISCO, ZAPOPAN', 'MANEJAR EN ESTADO DE EBRIEDAD');
INSERT INTO SINIESTRO (CLIENTE_ID, SINIESTRO_ID, POLIZA_ID, CATEGORIA_SINIESTRO, HORA_Y_FECHA, DIRECCION, DESCRIPCION) VALUES (4, 4, 4, 'MATERIAL', TO_DATE('2000/01/10 23:04:44', 'YYYY/MM/DD HH24:MI:SS'), 'SALTILLO, COAHUILA', 'MANEJAR BAJO EL INLFLUJO DEL ALCOHOL');
INSERT INTO SINIESTRO (CLIENTE_ID, SINIESTRO_ID, POLIZA_ID, CATEGORIA_SINIESTRO, HORA_Y_FECHA, DIRECCION, DESCRIPCION) VALUES (5, 5, 5, 'COLISION', TO_DATE('2000/01/10 06:30:44', 'YYYY/MM/DD HH24:MI:SS'), 'CAMPECHE, CAMPECHE', 'NO RESPETAR SEMAFORO');
INSERT INTO SINIESTRO (CLIENTE_ID, SINIESTRO_ID, POLIZA_ID, CATEGORIA_SINIESTRO, HORA_Y_FECHA, DIRECCION, DESCRIPCION) VALUES (6, 6, 6, 'MATERIAL', TO_DATE('2000/01/10 10:28:44', 'YYYY/MM/DD HH24:MI:SS'), 'PUEBLA, PUEBLA', 'MANEJAR EN ESTADO DE EBRIEDAD');
INSERT INTO SINIESTRO (CLIENTE_ID, SINIESTRO_ID, POLIZA_ID, CATEGORIA_SINIESTRO, HORA_Y_FECHA, DIRECCION, DESCRIPCION) VALUES (7, 7, 7, 'MATERIAL', TO_DATE('2000/01/10 03:14:44', 'YYYY/MM/DD HH24:MI:SS'), 'CDMX, MIGUEL HIDALGO', 'MANEJAR BAJO EL INLFLUJO DE NARCOTICOS');
INSERT INTO SINIESTRO (CLIENTE_ID, SINIESTRO_ID, POLIZA_ID, CATEGORIA_SINIESTRO, HORA_Y_FECHA, DIRECCION, DESCRIPCION) VALUES (8, 8, 8, 'SOCIAL', TO_DATE('2000/01/10 19:14:44', 'YYYY/MM/DD HH24:MI:SS'), 'NUEVO LEON, MONTERREY', 'NO RESPTAR LAS SEÑALES DE PASO');
INSERT INTO SINIESTRO (CLIENTE_ID, SINIESTRO_ID, POLIZA_ID, CATEGORIA_SINIESTRO, HORA_Y_FECHA, DIRECCION, DESCRIPCION) VALUES (9, 9, 9, 'SOCIAL', TO_DATE('2000/01/10 18:27:44', 'YYYY/MM/DD HH24:MI:SS'), 'SALTILLO', 'CONDUCIR BAJO LA INFLUENCIA DE ESTUPEFACIENTES');
INSERT INTO SINIESTRO (CLIENTE_ID, SINIESTRO_ID, POLIZA_ID, CATEGORIA_SINIESTRO, HORA_Y_FECHA, DIRECCION, DESCRIPCION) VALUES (10, 10, 10, 'COLISION', TO_DATE('2000/01/10 23:23:44', 'YYYY/MM/DD HH24:MI:SS'), 'ESTADO DE MEXICO, NEZAHUALCOYOTL', 'NO RESPTAR SEÑALES DE PASO');
INSERT INTO SINIESTRO (CLIENTE_ID, SINIESTRO_ID, POLIZA_ID, CATEGORIA_SINIESTRO, HORA_Y_FECHA, DIRECCION, DESCRIPCION) VALUES (11, 11, 11, 'SOCIAL', TO_DATE('2000/01/10 01:32:44', 'YYYY/MM/DD HH24:MI:SS'), 'CDMX, IZTAPALAPA', 'MANEJAR EN ESTADO D EBRIEDAD');
INSERT INTO SINIESTRO (CLIENTE_ID, SINIESTRO_ID, POLIZA_ID, CATEGORIA_SINIESTRO, HORA_Y_FECHA, DIRECCION, DESCRIPCION) VALUES (11, 12, 12, 'MATERIAL', TO_DATE('2000/01/10 22:44:44', 'YYYY/MM/DD HH24:MI:SS'), 'ESTADO DE MEXICO, IZTAPALUCA', 'MANEJAR BAJO EL INLFLUJO DE ESTUPEFACIENTES');

-- 
-- TABLE: SINIESTRO_COLISION
--
INSERT INTO SINIESTRO_COLISION (CLIENTE_ID, SINIESTRO_ID, POLIZA_ID, NUMERO_REPORTE_VIAL, GRUA, MARCA_ASEGURADO1, MODELO_ASEGURADO1, MARCA_AFECTADO1, MODELO_AFECTADO1, ASEGURADORA_AFECTADO1, POLIZA_AFECTADO1, AGENCIA_AFECTADO1) VALUES (1, 1, 1, '72457245', 1, 'NI', 'TS', 'HN', 'CIV', 'HOLA', '12DMN3I4N455G0VSDOWF', 'HONDA');
INSERT INTO SINIESTRO_COLISION (CLIENTE_ID, SINIESTRO_ID, POLIZA_ID, NUMERO_REPORTE_VIAL, GRUA, MARCA_ASEGURADO1, MODELO_ASEGURADO1, MARCA_AFECTADO1, MODELO_AFECTADO1, ASEGURADORA_AFECTADO1, POLIZA_AFECTADO1, AGENCIA_AFECTADO1) VALUES (2, 2, 2, '36834563', 0, 'NI', 'TS', 'HN', 'CIV', 'HOLA', '12DMN3I4N455G0VSDOWF', 'HONDA');
INSERT INTO SINIESTRO_COLISION (CLIENTE_ID, SINIESTRO_ID, POLIZA_ID, NUMERO_REPORTE_VIAL, GRUA, MARCA_ASEGURADO1, MODELO_ASEGURADO1, MARCA_AFECTADO1, MODELO_AFECTADO1, ASEGURADORA_AFECTADO1, POLIZA_AFECTADO1, AGENCIA_AFECTADO1) VALUES (3, 3, 3, '62737245', 0, 'NI', 'TS', 'HN', 'CIV', 'HOLA', '12DMN3I4N455G0VSDOWF', 'HONDA');
INSERT INTO SINIESTRO_COLISION (CLIENTE_ID, SINIESTRO_ID, POLIZA_ID, NUMERO_REPORTE_VIAL, GRUA, MARCA_ASEGURADO1, MODELO_ASEGURADO1, MARCA_AFECTADO1, MODELO_AFECTADO1, ASEGURADORA_AFECTADO1, POLIZA_AFECTADO1, AGENCIA_AFECTADO1) VALUES (4, 4, 4, '83413573', 1, 'NI', 'TS', 'HN', 'CIV', 'HOLA', '12DMN3I4N455G0VSDOWF', 'HONDA');

-- 
-- TABLE: SINIESTRO_SOCIAL
--
INSERT INTO SINIESTRO_SOCIAL (CLIENTE_ID, SINIESTRO_ID, POLIZA_ID, AMBULANCIA, HOSPITAL, NOMBRE_AFECTADO1, AP_PATERNO_AFECTADO1, AP_MATERNO_AFECTADO1, CURP_AFECTADO1, DANO_AFECTADO1) VALUES (5, 5, 5, 1, 'IMSS', 'MARIA', 'SANCHEZ', 'JIMENEZ', '124FSER3', 'HERIDO DE GRAVEDAD, CUIDADOS INTENSIVOS');
INSERT INTO SINIESTRO_SOCIAL (CLIENTE_ID, SINIESTRO_ID, POLIZA_ID, AMBULANCIA, HOSPITAL, NOMBRE_AFECTADO1, AP_PATERNO_AFECTADO1, AP_MATERNO_AFECTADO1, CURP_AFECTADO1, DANO_AFECTADO1) VALUES (6, 6, 6, 0, 'HOSPITAL GENERAL', 'FERNANDO', 'SALAS', 'MARQUEZ', 'DJ3I5OF5', 'HERIDAS MENORES');
INSERT INTO SINIESTRO_SOCIAL (CLIENTE_ID, SINIESTRO_ID, POLIZA_ID, AMBULANCIA, HOSPITAL, NOMBRE_AFECTADO1, AP_PATERNO_AFECTADO1, AP_MATERNO_AFECTADO1, CURP_AFECTADO1, DANO_AFECTADO1) VALUES (7, 7, 7, 1, 'HOSPITAL ANGELES', 'LUIS', 'CANO', 'HERNANDEZ', 'RO3M104O', 'HERIDA MORTAL EN ABDOMEN, CUIDADOS INTENSIVOS');
INSERT INTO SINIESTRO_SOCIAL (CLIENTE_ID, SINIESTRO_ID, POLIZA_ID, AMBULANCIA, HOSPITAL, NOMBRE_AFECTADO1, AP_PATERNO_AFECTADO1, AP_MATERNO_AFECTADO1, CURP_AFECTADO1, DANO_AFECTADO1) VALUES (8, 8, 8, 0, 'HOSPITAL MEDICA SUR', 'FERNANDA', 'SANTOS', 'PEREZ', 'FM38AOR5', 'HERIDA MENOR EN EL BRAZO IZQUIERDO');

-- 
-- TABLE: SINIESTRO_MATERIAL
--
INSERT INTO SINIESTRO_MATERIAL (CLIENTE_ID, SINIESTRO_ID, POLIZA_ID, DIRECCION, DESCRIPCION) VALUES (9, 9, 9, 'CDMX, COYOACAN', 'CHOQUE CONTRA SEMAFORO POR CONDUCIR BAJO EL INLFLUJO DE NARCOTICOS');
INSERT INTO SINIESTRO_MATERIAL (CLIENTE_ID, SINIESTRO_ID, POLIZA_ID, DIRECCION, DESCRIPCION) VALUES (10, 10, 10, 'CDMX, IZTAPALAPA', 'CHOQUE CONTRA POR CONDUCIR BAJO INFLUENCIA DEL ALCOHOL');
INSERT INTO SINIESTRO_MATERIAL (CLIENTE_ID, SINIESTRO_ID, POLIZA_ID, DIRECCION, DESCRIPCION) VALUES (11, 11, 11, 'CIUDAD UNIVERSITARIA', 'CHOQUE CONTRA POSTE POR MALA CONDUCCION');
INSERT INTO SINIESTRO_MATERIAL (CLIENTE_ID, SINIESTRO_ID, POLIZA_ID, DIRECCION, DESCRIPCION) VALUES (12, 12, 12, 'TEMIXCO, CUERNAVACA', 'CHOQUE CONTRA SEMAFORO POR NO RESPETAR SEMAFORO');

-- 
-- TABLE: TABULAR TEMPORAL
--
INSERT INTO TABULAR (TIPO_SEGURO, CLAVE_MARCA, CLAVE_MODELO, AÑO, CODIGO_POSTAL, CLAVE_ESTADO, FECHA_NAC) 
SELECT TIPO_SEGURO, CLAVE_MARCA, CLAVE_MODELO, AÑO, CODIGO_POSTAL, CLAVE_ESTADO, FECHA_NAC
FROM COTIZACIONES;

UPDATE TABULAR SET COSTO = 56789 WHERE TIPO_SEGURO = 'CB';
UPDATE TABULAR SET COSTO = 78924 WHERE TIPO_SEGURO = 'CA';
UPDATE TABULAR SET COSTO = 85769 WHERE TIPO_SEGURO = 'CP';
